{
  "log": {
    "access": "/var/log/xray/access2.log",
    "error": "/var/log/xray/error2.log",
    "loglevel": "info"
  },
  "inbounds": [
    {
      "listen": "127.0.0.1",
      "port": 10086,
      "protocol": "dokodemo-door",
      "settings": {
        "address": "127.0.0.1"
      },
      "tag": "api"
    },
    {
      "listen": "127.0.0.1",
      "port": 5210,
      "protocol": "vmess",
      "settings": {
        "clients": [
          {
            "id": "eb4337a6-aee4-4902-bfc7-5096b1b3c98a",
            "alterId": 0
#vmessWS
### erikgunawan77 2024-01-03 VmessWS-NTLS 
},{"id": "9dc5ee5e-7180-4d04-801c-b8469ebe5738","alterId": 0,"email": "erikgunawan77"
### tess 2024-01-03 VmessWS-NTLS 
},{"id": "3e4ed59c-f7ea-40d7-8406-63740c4d0eb3","alterId": 0,"email": "tess"
### fakhry11792 2024-01-03 VmessWS-NTLS 
},{"id": "33058888-b231-4d36-8a43-7d23fadcf8e3","alterId": 0,"email": "fakhry11792"
### fakhry1179 2024-01-03 VmessWS-NTLS 
},{"id": "18a1b6e5-fcaf-45bf-aa2c-e2a741fe799d","alterId": 0,"email": "fakhry1179"
### nurul113377 2024-01-02 VmessWS-NTLS 
},{"id": "ed82068e-5f96-48a9-9fe4-540988109b88","alterId": 0,"email": "nurul113377"
### onelee117 2024-01-02 VmessWS-NTLS 
},{"id": "48559e93-f731-4a12-b8c6-e7bda6f56777","alterId": 0,"email": "onelee117"
### aldion117 2024-01-02 VmessWS-NTLS 
},{"id": "b2384395-97a8-4c8f-813d-aec426b7d566","alterId": 0,"email": "aldion117"
### kenxinnn119 2023-12-24 VmessWS-NTLS 
},{"id": "f1e5034d-b675-4a2a-89ac-00b9c3f7742d","alterId": 0,"email": "kenxinnn119"
### foryou110505 2023-12-17 VmessWS-NTLS 
},{"id": "76b18d04-d468-49d8-a8e7-bf3a5a428028","alterId": 0,"email": "foryou110505"
### scripter08 2023-12-17 VmessWS-NTLS 
},{"id": "251b8f32-bfcd-4f01-a839-0b9eb991cbb1","alterId": 0,"email": "scripter08"
### maryantisopian 2023-12-17 VmessWS-NTLS 
},{"id": "1781ee61-75bd-4172-b655-57bad91b56f4","alterId": 0,"email": "maryantisopian"
### adpratama019 2023-12-16 VmessWS-NTLS 
},{"id": "573738f8-88fa-4f5e-b525-83b701551a65","alterId": 0,"email": "adpratama019"
### davialdiansyah 2023-12-16 VmessWS-NTLS 
},{"id": "3d9633d5-74ec-4aa9-938d-dc1d93139727","alterId": 0,"email": "davialdiansyah"
### mechanesia179 2023-12-14 VmessWS-NTLS 
},{"id": "647723cc-d860-4ab8-8c42-c652695f543a","alterId": 0,"email": "mechanesia179"
### dapuraisyah438 2023-12-14 VmessWS-NTLS 
},{"id": "b47f7ecd-5969-460d-bfc7-a6edab3d9a7a","alterId": 0,"email": "dapuraisyah438"
### destirelinda179 2023-12-14 VmessWS-NTLS 
},{"id": "9b037d24-194c-4d2d-8c22-535466e9fe1b","alterId": 0,"email": "destirelinda179"
### payjava179 2023-12-14 VmessWS-NTLS 
},{"id": "b0b16f53-e27f-458b-b6cb-feb06da02b8f","alterId": 0,"email": "payjava179"
### yawqword 2023-12-10 VmessWS-NTLS 
},{"id": "50be4399-547a-4da3-9b8d-86763ea76ab1","alterId": 0,"email": "yawqword"
### xcozy119 2023-12-09 VmessWS-NTLS 
},{"id": "facfa300-780c-4314-9de9-c1895a7db623","alterId": 0,"email": "xcozy119"
### kris179 2023-12-09 VmessWS-NTLS 
},{"id": "33f6c4ae-90fe-418c-800a-e673e9c5c167","alterId": 0,"email": "kris179"
### taupik117 2023-12-09 VmessWS-NTLS 
},{"id": "973e931a-b1c5-4a9f-89e9-76c24886a6e8","alterId": 0,"email": "taupik117"
### rifqi3 2023-12-08 VmessWS-NTLS 
},{"id": "6f022cfe-8453-42fb-827a-1acddd8687fb","alterId": 0,"email": "rifqi3"
### yoii 2024-02-15 VmessWS-NTLS 
},{"id": "aae46c7f-e81e-405f-b294-68afb4c6ea81","alterId": 0,"email": "yoii"
          }
        ]
      },
      "streamSettings": {
        "network": "ws",
        "wsSettings": {
          "path": "/vmess-ws",
          "headers": {
            "Host": ""
          }
         },
        "quicSettings": {},
        "sockopt": {
          "mark": 0,
          "tcpFastOpen": true
        }
      },
      "sniffing": {
        "enabled": true,
        "destOverride": [
          "http",
          "tls"
        ]
      },
      "domain": "id-4.ordervpn.my.id"
    },
      {
      "listen": "127.0.0.1",
      "port": 5211,
      "protocol": "vless",
      "settings": {
        "clients": [
          {
            "id": "eb4337a6-aee4-4902-bfc7-5096b1b3c98a"
#vlessWS
          }
        ],
        "decryption": "none"
      },
      "streamSettings": {
        "network": "ws",
        "wsSettings": {
          "path": "/vlessws",
          "headers": {
            "Host": ""
          }
         },
        "quicSettings": {},
        "sockopt": {
          "mark": 0,
          "tcpFastOpen": true
        }
      },
      "sniffing": {
        "enabled": true,
        "destOverride": [
          "http",
          "tls"
        ]
      },
      "domain": "id-4.ordervpn.my.id"
    }
  ],
  "outbounds": [
    {
      "protocol": "freedom",
      "settings": {}
    },
    {
      "protocol": "blackhole",
      "settings": {},
      "tag": "blocked"
    }
  ],
  "routing": {
    "rules": [
      {
        "type": "field",
        "ip": [
          "0.0.0.0/8",
          "10.0.0.0/8",
          "100.64.0.0/10",
          "169.254.0.0/16",
          "172.16.0.0/12",
          "192.0.0.0/24",
          "192.0.2.0/24",
          "192.168.0.0/16",
          "198.18.0.0/15",
          "198.51.100.0/24",
          "203.0.113.0/24",
          "::1/128",
          "fc00::/7",
          "fe80::/10"
        ],
        "outboundTag": "blocked"
      },
      {
        "inboundTag": [
          "api"
        ],
        "outboundTag": "api",
        "type": "field"
      },
      {
        "type": "field",
        "outboundTag": "blocked",
        "protocol": [
          "bittorrent"
        ]
      }
    ]
  },
  "stats": {},
  "api": {
    "services": [
      "StatsService"
    ],
    "tag": "api"
  },
  "policy": {
    "levels": {
      "0": {
        "statsUserDownlink": true,
        "statsUserUplink": true
      }
    },
    "system": {
      "statsInboundUplink": true,
      "statsInboundDownlink": true,
      "statsOutboundUplink" : true,
      "statsOutboundDownlink" : true
    }
  }
}
